"","geneNames","geneIDs","feature","id","fc","pval","qval","logfc","geneFunction"
"1","CRO_000088","MSTRG.1792","transcript","4062",2.05187224266117,0.0153308664018749,0.357945732535365,1.03694090608283,"Plant invertase/pectin methylesterase inhibitor superfamily"
"2","CRO_000100","MSTRG.19934","transcript","50799",2.41884001728854,0.00637566775011811,0.284121472337073,1.27431535224588,"NAD(P)-binding Rossmann-fold superfamily protein"
"3","CRO_000181","MSTRG.12816","transcript","31242",0.244787289424809,0.0222220848616972,0.385701447594389,-2.0303994468236,"Adaptin ear-binding coat-associated protein 1 NECAP-1"
"4","CRO_000341","MSTRG.10434","transcript","25066",0.483003636886986,0.0282530152234278,0.413994204479637,-1.04989404268125,"HXXXD-type acyl-transferase family protein"
"5","CRO_000344","MSTRG.14533","transcript","36036",0.310435420712013,0.0170869480979504,0.363199079226245,-1.68763491632455,"cytochrome P450, family 71, subfamily B, polypeptide"
"6","CRO_000388","MSTRG.6004","transcript","14211",3.77399010982988,0.0203519434068431,0.377032048995093,1.91609064219695,"K+ uptake transporter"
"7","CRO_000431","MSTRG.8728","transcript","20861",0.41842218176372,0.0129038658666822,0.345594367495355,-1.25696875986021,"DUF4057 domain containing protein"
"8","CRO_000485","gene17084","transcript","30697",2.04023142663904,0.00116129371061158,0.190564591243452,1.02873280863187,"ATP synthase subunit beta"
"9","CRO_000499","MSTRG.14525","transcript","36021",0.23809440786729,0.00165572538706016,0.197339974803401,-2.07039435851629,"FAD-binding Berberine family protein"
"10","CRO_000520","MSTRG.21771","transcript","55994",0.489375838288855,0.0252559831312552,0.40585355493458,-1.03098522118021,"hypothetical protein"
"11","CRO_000634","MSTRG.12053","transcript","29234",2.61093609721033,0.006174315968827,0.282437184472884,1.38456714805062,"gamma tonoplast intrinsic protein"
"12","CRO_000729","MSTRG.10584","transcript","25425",0.491674509231223,0.0158788654611568,0.358531698033081,-1.02422453403226,"calmodulin binding"
"13","CRO_000732","MSTRG.12647","transcript","30811",3.22402611077695,0.00326287739184006,0.235980650820925,1.68886342802713,"terpene synthase"
"14","CRO_000829","MSTRG.20244","transcript","51646",2.65939088546579,0.00324431304444217,0.235980650820925,1.4110958445431,"4-hydroxy-3-methylbut-2-enyl diphosphate reductase"
"15","CRO_000842","MSTRG.21212","transcript","54463",2.78191461332439,0.0120212550098833,0.339678577531116,1.47607813921014,"MATE efflux family protein"
"16","CRO_001067","MSTRG.1081","transcript","2434",2.08055566064164,0.000557466866153877,0.158713558956392,1.05696888499767,"conserved hypothetical protein"
"17","CRO_001134","MSTRG.9921","transcript","23846",0.228694239832279,0.0289604620925303,0.416839071434004,-2.12850806612973,"HOPW1-1-interacting"
"18","CRO_001344","MSTRG.18906","transcript","47863",0.417902486345246,0.00374326527751478,0.245245097305589,-1.25876175276859,"Cupredoxin superfamily protein"
"19","CRO_001436","MSTRG.2370","transcript","5415",4.75185960723464,0.00569444119365148,0.275306595708933,2.24849221262471,"novel plant snare"
"20","CRO_001564","MSTRG.18946","transcript","48001",0.414111685929195,0.001143465501934,0.190564591243452,-1.27190817980522,"glutathione S-transferase tau"
"21","CRO_001596","MSTRG.12464","transcript","30311",0.178903139433904,0.00106145206492125,0.189777964279476,-2.48274939052726,"Sulfite exporter TauE/SafE family protein"
"22","CRO_001667","MSTRG.13419","transcript","32968",0.432711660059259,0.00518300229959112,0.267331711758764,-1.20852209804015,"Leucine-rich repeat transmembrane protein kinase"
"23","CRO_001676","MSTRG.5669","transcript","13424",0.461916232306791,0.0173806727591157,0.363199079226245,-1.11429684972438,"UDP-Glycosyltransferase superfamily protein"
"24","CRO_001928","MSTRG.4015","transcript","9401",2.66363737554875,0.0242178845243514,0.402068502041052,1.41339768897567,"HVA22 homologue D"
"25","CRO_001999","MSTRG.19802","transcript","50459",0.234226508864099,0.0254306404461051,0.40585355493458,-2.09402373107844,"FAD-binding Berberine family protein"
"26","CRO_002140","MSTRG.9159","transcript","21911",5.53899728990394,0.0350429137494163,0.444792443719007,2.46962483262597,"Tetratricopeptide repeat (TPR)-like superfamily protein"
"27","CRO_002218","MSTRG.5323","transcript","12593",2.35686999743485,0.0421571708142585,0.469299959188616,1.2368721831835,"Inositol monophosphatase family protein"
"28","CRO_002245","MSTRG.9670","transcript","23208",4.08728773630213,0.020078557521013,0.375849687214102,2.03114380957443,"Protein of unknown function (DUF581)"
"29","CRO_002567","MSTRG.8316","transcript","19841",2.77118081047333,0.0246638559598318,0.402589026099391,1.47050084501748,"DnaJ/Hsp40 cysteine-rich domain superfamily protein"
"30","CRO_002602","MSTRG.22397","transcript","57652",2.49283359180801,0.00298968813346545,0.235980650820925,1.31778657946549,"Amidase family protein"
"31","CRO_002759","MSTRG.17848","transcript","45117",8.67437089071442,0.000751158613231273,0.174578369454433,3.11675912993781,"Chlorophyll A-B binding family protein"
"32","CRO_002819","MSTRG.5420","transcript","12846",0.272249076460159,0.0126213956097868,0.344612029497597,-1.87700093993456,"bifunctional nuclease i"
"33","CRO_002830","MSTRG.19916","transcript","50756",2.30455583816855,0.0038181353100768,0.247834102383943,1.20448872383552,"ATP binding"
"34","CRO_002907","MSTRG.21062","transcript","53996",4.98329563959993,0.0119074660626333,0.339678577531116,2.31710016606091,"myo-inositol-1-phosphate synthase"
"35","CRO_002911","MSTRG.22326","transcript","57501",2.79395649104707,0.0118945854002389,0.339678577531116,1.48230955451997,"Family of unknown function (DUF662) "
"36","CRO_003060","MSTRG.16728","transcript","42036",0.459247025899601,0.0183145008570704,0.369465409016627,-1.12265771646591,"glutathione S-transferase tau"
"37","CRO_003065","MSTRG.9125","transcript","21823",0.467337220653935,0.00613416255493182,0.282299694454042,-1.09746415095572,"pleiotropic drug resistance"
"38","CRO_003206","MSTRG.16747","transcript","42090",5.28611513615878,0.00107121151447787,0.190112924540974,2.40220784846725,"basic helix-loop-helix (bHLH) DNA-binding superfamily protein"
"39","CRO_003251","MSTRG.12497","transcript","30404",2.8734616156793,0.0169938010786777,0.363199079226245,1.52278977747018,"O-fucosyltransferase family protein"
"40","CRO_003275","MSTRG.21885","transcript","56347",0.334270115482421,0.0483658202363553,0.488366509014701,-1.58091371442355,"GDSL-like Lipase/Acylhydrolase superfamily protein"
"41","CRO_003371","MSTRG.18849","transcript","47707",2.09042836065908,0.0170271906435995,0.363199079226245,1.06379860282102,"serine/threonine protein kinase"
"42","CRO_003500","MSTRG.4619","transcript","10924",2.12437129723866,0.0229460249185287,0.391142543915175,1.08703594216379,"CONSTANS-like"
"43","CRO_003568","MSTRG.10058","transcript","24163",0.471113508252222,0.00699987884082842,0.292477278975231,-1.08585339584885,"sulfate transporter 1;3"
"44","CRO_003643","MSTRG.11964","transcript","28995",0.284554843466374,0.0447734563926808,0.476902194403605,-1.81322135879953,"elicitor-activated gene 3-1"
"45","CRO_003666","MSTRG.21851","transcript","56236",2.04362465108392,0.0131283903561665,0.346829117624806,1.03113024336641,"mitochondrial acyl carrier protein"
"46","CRO_003918","MSTRG.22812","transcript","58833",0.108574352577726,0.00207556073775139,0.213590101715721,-3.20324474477286,"cytochrome P450, family 76, subfamily C, polypeptide"
"47","CRO_003933","MSTRG.15521","transcript","38695",2.50864637509307,0.00206267318492337,0.213590101715721,1.32690911927021,"Major Facilitator Superfamily with SPX (SYG1/Pho81/XPR1) domain-containing protein"
"48","CRO_004084","MSTRG.6682","transcript","15808",0.428498794374442,0.00626237397325968,0.283351240316899,-1.22263694971519,"sodium/calcium exchanger family protein / calcium-binding EF hand family protein"
"49","CRO_004136","MSTRG.22743","transcript","58622",0.492726509296008,0.00226487522922403,0.219976755017773,-1.02114100237049,"O-methyltransferase family protein"
"50","CRO_004157","MSTRG.9576","transcript","22976",2.76074777805978,0.00536026920397892,0.268886062162384,1.46505908931539,"UDP-glycosyltransferase 73B4"
"51","CRO_004183","MSTRG.9770","transcript","23464",4.2624725788241,0.00146361395741024,0.192790519850249,2.09169055307599,"Phototropic-responsive NPH3 family protein"
"52","CRO_004490","MSTRG.22076","transcript","56815",0.443812151973056,0.0385209635346808,0.455099106392545,-1.17197892453304,"Protein of unknown function, DUF538"
"53","CRO_004636","MSTRG.11313","transcript","27331",2.0938462514986,0.0142548890299785,0.352799067334181,1.06615551087235,"myo-inositol monophosphatase like"
"54","CRO_004659","MSTRG.377","transcript","712",2.25219267784273,0.0257809975523652,0.407389346061321,1.17133025702617,"cytochrome P450, family 707, subfamily A, polypeptide"
"55","CRO_004906","MSTRG.1944","transcript","4417",2.04783935894953,0.0158221441375651,0.358531698033081,1.03410254876731,"photosystem I light harvesting complex gene"
"56","CRO_004992","MSTRG.12846","transcript","31321",2.39335711491005,0.0111837092795055,0.337784658459353,1.25903567872787,"Major facilitator superfamily protein"
"57","CRO_005272","MSTRG.1463","transcript","3318",0.343576353650741,0.000335248903693186,0.144014860515359,-1.54129734724898,"cell wall / vacuolar inhibitor of fructosidase"
"58","CRO_005381","MSTRG.469","transcript","920",3.2119604021479,0.00455119951834504,0.262592974678834,1.68345410705915,"conserved hypothetical protein"
"59","CRO_005409","MSTRG.20758","transcript","53195",2.25239803178166,0.0132576934962694,0.346829117624806,1.17146179532948,"RNA-binding (RRM/RBD/RNP motifs) family protein"
"60","CRO_005482","MSTRG.17430","transcript","43974",0.288146622396619,0.00429868493086283,0.258422568688738,-1.79512498607794,"B-S glucosidase"
"61","CRO_005525","MSTRG.10251","transcript","24629",0.306315303566547,0.0377310202705701,0.452791940466787,-1.70691064885145,"Kunitz family trypsin and protease inhibitor protein"
"62","CRO_005551","MSTRG.18494","transcript","46747",4.02072651636987,0.0431308013387337,0.472013334471886,2.00745620957893,"conserved hypothetical protein"
"63","CRO_005646","MSTRG.21523","transcript","55303",2.19888186143048,0.00276870513448102,0.235980650820925,1.13677009509473,"Carbohydrate-binding-like fold"
"64","CRO_005686","MSTRG.10562","transcript","25371",0.470645215501559,0.00425096541800651,0.258422568688738,-1.08728816606697,"Translation initiation factor IF6"
"65","CRO_005699","MSTRG.12244","transcript","29728",0.397342699185053,0.0385455748449093,0.455099106392545,-1.33154425843976,"VQ motif-containing protein"
"66","CRO_005793","MSTRG.3452","transcript","8041",4.81144677833917,0.000273563609436756,0.140205119043859,2.26647077052117,"cycling DOF factor"
"67","CRO_005874","MSTRG.15680","transcript","39123",3.45040435296864,0.000549083192286859,0.158713558956392,1.78676544126455,"plastid movement impaired1"
"68","CRO_005937","MSTRG.19435","transcript","49359",0.436815248557207,0.0227689184291235,0.390133324210439,-1.19490487545679,"Protein of unknown function (DUF506) "
"69","CRO_005949","MSTRG.14695","transcript","36466",5.08273401502583,0.000418134371744983,0.149947939689418,2.34560473496821,"cytochrome P450, family 72, subfamily A, polypeptide"
"70","CRO_006023","MSTRG.17743","transcript","44830",0.40804783186568,0.0311793166243024,0.426487423152226,-1.29318981830156,"NB-ARC domain-containing disease resistance protein"
"71","CRO_006174","MSTRG.18109","transcript","45795",2.47414582263403,0.00654424013371546,0.284797110034012,1.30693053321289,"glycosyl hydrolase 9B13"
"72","CRO_006181","MSTRG.8500","transcript","20316",2.07571198334793,0.00167742223712808,0.198065795680203,1.05360627557336,"nuclear factor Y, subunit B3"
"73","CRO_006185","MSTRG.13576","transcript","33414",2.05646638995008,0.0182769051103486,0.36926538149827,1.04016749321024,"carbon-sulfur lyases"
"74","CRO_006187","MSTRG.21517","transcript","55290",0.460487014829512,0.0107621202151578,0.335088437580742,-1.11876762023242,"hypothetical protein"
"75","CRO_006321","MSTRG.18955","transcript","48028",3.23783072496938,0.000608765681552326,0.162047581552194,1.69502756296263,"cytochrome P450, family 76, subfamily G, polypeptide"
"76","CRO_006566","MSTRG.18352","transcript","46382",4.17265659459435,0.00182077509325407,0.203573051185126,2.06096619314819,"Translation elongation factor EFG/EF2 protein"
"77","CRO_006660","MSTRG.8889","transcript","21273",0.193181484063896,0.0131698701323195,0.346829117624806,-2.37197127260463,"Amidase family protein"
"78","CRO_006674","MSTRG.17019","transcript","42742",0.0499943839593476,2.06437740901677e-06,0.0115774413852479,-4.32209014866851,"adenylate kinase"
"79","CRO_006740","MSTRG.8217","transcript","19596",0.382532987397845,0.0404213355755572,0.462941601107437,-1.38634393217162,"pinoresinol reductase"
"80","CRO_006769","MSTRG.7412","transcript","17612",2.96912214502674,0.0249042710111101,0.404150727237434,1.5700364447559,"Chaperonin-like RbcX protein"
"81","CRO_006776","MSTRG.10958","transcript","26383",13.4730544161438,5.70401634564233e-05,0.0705543627861883,3.75200504973259,"presequence protease"
"82","CRO_006920","MSTRG.21834","transcript","56169",0.106207454294682,0.0332092829147428,0.435703584542405,-3.23504306794904,"CAP (Cysteine-rich secretory proteins, Antigen 5, and Pathogenesis-related 1 protein) superfamily protein"
"83","CRO_007175","MSTRG.15557","transcript","38773",0.499360169768887,0.0393725548375474,0.459595837527929,-1.00184734204041,"UDP-glucosyl transferase 85A7"
"84","CRO_007185","MSTRG.10955","transcript","26374",3.31451894772805,0.0226107206227254,0.388973752749597,1.72879950017576,"basic helix-loop-helix (bHLH) DNA-binding superfamily protein"
"85","CRO_007201","MSTRG.9780","transcript","23483",2.26797142281195,0.00190718914249977,0.208904260722015,1.18140246196126,"conserved hypothetical protein"
"86","CRO_007338","MSTRG.13665","transcript","33661",0.475197762333525,0.0397391648754769,0.4600964067556,-1.07340005226284,"UDP-glucosyl transferase 73B5"
"87","CRO_007371","MSTRG.18153","transcript","45910",2.13250017868743,0.0119216350728526,0.339678577531116,1.09254586243053,"conserved hypothetical protein"
"88","CRO_007441","MSTRG.15573","transcript","38821",4.28938961476011,0.0338929460790072,0.439589315911859,2.10077236511157,"inhibitor/interactor with cyclin-dependent kinase"
"89","CRO_007453","MSTRG.6593","transcript","15588",2.07003460270554,0.0185668954520144,0.371848270081352,1.04965488402143,"photosystem II subunit R"
"90","CRO_007542","MSTRG.14827","transcript","36832",0.472839096008392,0.0201626972620244,0.376174327676954,-1.08057876731283,"TCP family transcription factor"
"91","CRO_007568","MSTRG.4560","transcript","10775",5.1826208017001,0.00380554940871569,0.247834102383943,2.37368183950305,"basic leucine-zipper"
"92","CRO_007603","MSTRG.18578","transcript","47006",0.444450016085992,0.0295898737082162,0.421367881490561,-1.16990691565151,"UDP-Glycosyltransferase superfamily protein"
"93","CRO_007651","MSTRG.15017","transcript","37354",0.492309044639989,0.0131563169880273,0.346829117624806,-1.02236385005885,"Leucine-rich repeat (LRR) family protein"
"94","CRO_007788","MSTRG.3415","transcript","7924",0.424946090913725,0.0402481625094904,0.462020226904082,-1.23464826376523,"Protein of unknown function (DUF1295)"
"95","CRO_007976","MSTRG.13091","transcript","32020",0.438249077341234,0.0368858308951941,0.450936675155141,-1.19017704124796,"nitrate transporter 2.3"
"96","CRO_007996","MSTRG.15221","transcript","37908",3.65970435172522,0.0277564210497723,0.413994204479637,1.87172710546889,"Transmembrane amino acid transporter family protein"
"97","CRO_008172","MSTRG.8948","transcript","21418",4.04114762711572,0.0161938307203942,0.358531698033081,2.01476505555936,"Cupredoxin superfamily protein"
"98","CRO_008521","MSTRG.15079","transcript","37505",0.476341543222398,0.0308010749471623,0.424905360220101,-1.06993171879232,"F-box family protein"
"99","CRO_008534","MSTRG.955","transcript","2146",0.281251985755655,0.0269005576351797,0.411980109984846,-1.83006481249645,"cytochrome P450, family 76, subfamily C, polypeptide"
"100","CRO_008535","MSTRG.956","transcript","2147",0.194016750422833,0.00149190924255949,0.192790519850249,-2.36574688212058,"cytochrome P450, family 76, subfamily C, polypeptide"
"101","CRO_008636","MSTRG.6830","transcript","16133",2.28724747802356,0.000139961616367756,0.109018435682452,1.19361247244009,"Protein of unknown function, DUF599"
"102","CRO_008661","MSTRG.17678","transcript","44636",3.00056994702683,0.0357579231235601,0.446623525879975,1.58523656127171,"MATE efflux family protein"
"103","CRO_008728","MSTRG.17991","transcript","45491",2.27777229191317,0.0370265618489229,0.451443026236114,1.18762352854393,"light harvesting complex photosystem II"
"104","CRO_008786","MSTRG.22618","transcript","58270",0.474049909257263,0.00807594280766444,0.305293809982316,-1.07688913692958,"aldehyde dehydrogenase 10A9"
"105","CRO_008821","MSTRG.1936","transcript","4396",112.44204695986,0.00026561422703919,0.140205119043859,6.8130378124971,"non-specific phospholipase C1"
"106","CRO_008907","MSTRG.3942","transcript","9225",0.297031065972323,0.0011906722294549,0.190564591243452,-1.75131426695771,"RING/U-box superfamily protein"
"107","CRO_009139","MSTRG.3387","transcript","7858",2.10050527593129,0.0151137598890581,0.356630834296525,1.07073640950943,"hypothetical protein"
"108","CRO_009440","MSTRG.11116","transcript","26829",0.426857796154558,0.0371967080027227,0.451443026236114,-1.22817256591253,"alpha carbonic anhydrase"
"109","CRO_009489","MSTRG.17060","transcript","42859",4.25817442929427,0.00158556248908215,0.196047811403135,2.09023504869194,"Pentatricopeptide repeat (PPR-like) superfamily protein"
"110","CRO_009634","MSTRG.3470","transcript","8076",0.462078402649099,0.0201629761598539,0.376174327676954,-1.11379043476875,"P-loop containing nucleoside triphosphate hydrolases superfamily protein"
"111","CRO_009808","MSTRG.11338","transcript","27407",4.02510731514409,0.0278231932934624,0.413994204479637,2.0090272480626,"UDP-D-glucose/UDP-D-galactose 4-epimerase"
"112","CRO_009931","MSTRG.14886","transcript","37018",2.04670092765572,0.0226776337490793,0.389646769582066,1.03330030523845,"purine permease"
"113","CRO_009957","MSTRG.3735","transcript","8748",2.64601830518524,0.0201460788595365,0.376174327676954,1.40382304223209,"Mitochondrial transcription termination factor family protein"
"114","CRO_010108","MSTRG.2753","transcript","6365",2.92789125585748,0.01099926546353,0.335088437580742,1.54986197180894,"FK506 BINDING PROTEIN"
"115","CRO_010320","MSTRG.6732","transcript","15906",2.06437451501105,0.0459027974595498,0.480642398641985,1.04570472557469,"HXXXD-type acyl-transferase family protein"
"116","CRO_010331","MSTRG.4811","transcript","11384",3.94588896078758,0.00788762782105079,0.304651476212239,1.98035035850063,"phosphoribulokinase"
"117","CRO_010488","MSTRG.3429","transcript","7972",0.323214919046632,0.0116814452437324,0.339678577531116,-1.62943430293059,"Protein of unknown function (DUF567)"
"118","CRO_010600","MSTRG.1670","transcript","3772",3.48416252858099,0.00646300092007945,0.284797110034012,1.8008119240828,"MATE efflux family protein"
"119","CRO_010653","MSTRG.19773","transcript","50377",0.45674812754277,0.0169523959534141,0.363199079226245,-1.13052928040854,"glutathione S-transferase tau"
"120","CRO_010841","MSTRG.10465","transcript","25131",3.02618200338043,0.0273828258473707,0.413930900046427,1.59749875803654,"conserved hypothetical protein"
"121","CRO_010913","MSTRG.19923","transcript","50771",2.48036980811569,0.0120152055800327,0.339678577531116,1.3105552337413,"HCO3- transporter family"
"122","CRO_011061","MSTRG.3160","transcript","7291",2.94504297712911,0.0264229437447688,0.409870850667984,1.55828868751537,"Galactose oxidase/kelch repeat superfamily protein"
"123","CRO_011192","MSTRG.11635","transcript","28143",3.00635346990342,0.000230537381275653,0.136776804824849,1.58801464308566,"C2H2-type zinc finger family protein"
"124","CRO_011271","MSTRG.12346","transcript","29969",0.313317322647116,0.0427946601101377,0.471006697626274,-1.67430355943879,"iron-regulated transporter"
"125","CRO_011303","MSTRG.4171","transcript","9796",3.01709636740811,0.0400037747710171,0.461054602693831,1.59316077754575,"chlorophyll A/B binding protein"
"126","CRO_011391","MSTRG.10203","transcript","24514",12.9955250101061,0.0011519047874462,0.190564591243452,3.69994301374376,"peroxin"
"127","CRO_011407","MSTRG.14823","transcript","36822",0.309970769150255,0.0165995745432572,0.36026986824108,-1.68979592193727,"Co-chaperone GrpE family protein"
"128","CRO_011602","MSTRG.21275","transcript","54634",0.471780664664995,0.0346984273007125,0.442846166485875,-1.08381180213351,"conserved hypothetical protein"
"129","CRO_011698","MSTRG.18971","transcript","48083",3.26829299384181,0.0023892010780252,0.222257090526695,1.70853732308428,"UDP-Glycosyltransferase superfamily protein"
"130","CRO_011830","MSTRG.9133","transcript","21846",2.65666051226786,0.00999661182473355,0.329217813300566,1.4096138813625,"cryptochrome"
"131","CRO_011861","MSTRG.1383","transcript","3125",3.81189413222175,0.00747593606915697,0.296930202996077,1.93050805181879,"2 iron, 2 sulfur cluster binding"
"132","CRO_011923","MSTRG.9697","transcript","23269",2.10214578135784,0.0388891768580222,0.457037472035121,1.07186272198762,"Eukaryotic aspartyl protease family protein"
"133","CRO_012061","MSTRG.4007","transcript","9378",0.386804613219373,0.0280365305517689,0.413994204479637,-1.3703230936894,"HAL2-like"
"134","CRO_012109","MSTRG.17090","transcript","42947",0.362470226979069,0.0115412865415101,0.339480900550369,-1.46406559673546,"NAD(P)-linked oxidoreductase superfamily protein"
"135","CRO_012156","MSTRG.7692","transcript","18262",2.23474208204936,0.0446789285633375,0.476902194403605,1.16010833547128,"Haloacid dehalogenase-like hydrolase (HAD) superfamily protein"
"136","CRO_012265","MSTRG.780","transcript","1711",0.453171088277904,0.0379380728281959,0.453655223955413,-1.14187227284767,"Glycosyl hydrolase family protein with chitinase insertion domain"
"137","CRO_012617","MSTRG.9975","transcript","24000",3.07188449019098,0.004240299158632,0.258422568688738,1.61912396848038,"S-locus lectin protein kinase family protein"
"138","CRO_012620","MSTRG.9974","transcript","23997",2.45121203323822,0.0249342305239029,0.404150727237434,1.29349528472313,"pinoid-binding protein"
"139","CRO_012672","MSTRG.6055","transcript","14344",0.486679688726244,0.0264995841059057,0.409998847241036,-1.03895552899374,"HXXXD-type acyl-transferase family protein"
"140","CRO_012736","MSTRG.4895","transcript","11587",4.92239051182342,0.000398706226085954,0.146780540352608,2.29935911678074,"Erythronate-4-phosphate dehydrogenase family protein"
"141","CRO_012777","MSTRG.874","transcript","1958",7.5974834026886,9.33542009047272e-05,0.0902670740541192,2.92552161806807,"B-box zinc finger family protein"
"142","CRO_013033","MSTRG.15849","transcript","39579",0.301244377362564,0.00895866142582935,0.31598720131029,-1.73099378077081,"ethylene response factor"
"143","CRO_013040","MSTRG.7819","transcript","18557",2.21327149645451,0.0132301189273221,0.346829117624806,1.14618043377062,"Zinc-binding dehydrogenase family protein"
"144","CRO_013155","MSTRG.22342","transcript","57533",5.25931692776412,0.0100941459999918,0.329531674240656,2.39487543660506,"sedoheptulose-bisphosphatase"
"145","CRO_013259","MSTRG.22247","transcript","57294",2.22190105530167,0.0279228609715878,0.413994204479637,1.15179457271084,"metallothionein 2A"
"146","CRO_013335","MSTRG.9055","transcript","21668",0.162494283501482,0.0390103056208693,0.45788529925274,-2.62153912941783,"WRKY family transcription factor"
"147","CRO_013337","MSTRG.9057","transcript","21674",3.62809512595401,0.00214856981147915,0.215298464177583,1.85921228275259,"isoprenoid F"
"148","CRO_013436","MSTRG.1492","transcript","3379",4.14254970314646,0.0106864847867674,0.335067114005649,2.05051900729651,"Nodulin MtN3 family protein"
"149","CRO_013452","MSTRG.20375","transcript","52090",2.10968121699608,0.0212905420205742,0.380627998100852,1.07702501722432,"glycine-rich protein"
"150","CRO_013518","MSTRG.19423","transcript","49328",14.2667592657279,0.000351322919215802,0.144014860515359,3.83458575470194,"Homeodomain-like superfamily protein"
"151","CRO_013611","MSTRG.17460","transcript","44045",2.11672077086941,0.00480028301218982,0.262752978067706,1.08183096747896,"Cysteine proteinases superfamily protein"
"152","CRO_013686","MSTRG.16675","transcript","41881",7.5483378993852,0.0360203994969217,0.446623525879975,2.91615900625263,"NB-ARC domain-containing disease resistance protein"
"153","CRO_013738","MSTRG.14111","transcript","34833",0.236665525025513,0.0469073594674714,0.48267397085298,-2.07907853033206,"osmotin"
"154","CRO_013774","MSTRG.20107","transcript","51269",2.11737971838404,0.00484413044999976,0.262752978067706,1.08228001696263,"purple acid phosphatase"
"155","CRO_013814","MSTRG.1801","transcript","4084",0.415271004128686,0.00149623714089075,0.192790519850249,-1.26787495430732,"cytochrome P450, family 71, subfamily B, polypeptide"
"156","CRO_013871","MSTRG.18130","transcript","45851",2.25175396518072,0.0211776444363759,0.380627998100852,1.1710492019276,"SOUL heme-binding family protein"
"157","CRO_013902","MSTRG.13869","transcript","34223",0.369299555392402,0.0428713551866502,0.471006697626274,-1.43713656923407,"cytochrome P450, family 91, subfamily A, polypeptide"
"158","CRO_014354","MSTRG.3222","transcript","7437",0.446019463017058,0.0212384082643882,0.380627998100852,-1.16482142827198,"alpha/beta-Hydrolases superfamily protein"
"159","CRO_014365","MSTRG.11243","transcript","27143",2.46378672602136,0.028662384937179,0.416685518415595,1.30087737671939,"Vacuolar iron transporter (VIT) family protein"
"160","CRO_014402","MSTRG.4104","transcript","9632",7.02241796539649,0.00235922919901554,0.221254668794632,2.81196786615026,"B-box type zinc finger protein with CCT domain"
"161","CRO_014404","MSTRG.4105","transcript","9634",6.16238006368461,0.00582519041097251,0.27718662142332,2.62348766307899,"B-box type zinc finger family protein"
"162","CRO_014507","MSTRG.15765","transcript","39351",0.498684393037234,0.0355091227336957,0.446307176412174,-1.00380104215527,"fatty alcohol oxidase"
"163","CRO_014520","MSTRG.22642","transcript","58347",0.27792240088503,0.0371726954722483,0.451443026236114,-1.84724597267962,"alpha/beta-Hydrolases superfamily protein"
"164","CRO_014609","MSTRG.11157","transcript","26918",7.03895032012815,0.000334627033205637,0.144014860515359,2.81536030374117,"plasma membrane intrinsic protein"
"165","CRO_014611","MSTRG.11160","transcript","26922",6.45627413387595,0.000595825556771734,0.161445569199847,2.69070183685407,"plasma membrane intrinsic protein"
"166","CRO_014616","MSTRG.502","transcript","1009",5.23733228390542,0.000258233341766889,0.140205119043859,2.38883213985216,"cytochrome P450, family 72, subfamily A, polypeptide"
"167","CRO_014803","MSTRG.5916","transcript","14006",10.0639580329417,0.0424241936399878,0.469846566695679,3.33112590614077,"Ribosomal protein L16p/L10e family protein"
"168","CRO_014907","MSTRG.11064","transcript","26693",3.85506783198754,0.00495307302510506,0.265562372269543,1.94675624535719,"light-harvesting chlorophyll B-binding protein"
"169","CRO_014957","MSTRG.16168","transcript","40506",2.21113815360156,0.0358181435092901,0.446623525879975,1.14478916865893,"3-oxo-5-alpha-steroid 4-dehydrogenase family protein"
"170","CRO_014980","MSTRG.9805","transcript","23553",2.42323338487768,0.0391000177976317,0.458362708638541,1.27693335938726,"enzyme binding;tetrapyrrole binding"
"171","CRO_015033","MSTRG.19516","transcript","49592",0.192008263424156,6.92639616077795e-05,0.0766284688966265,-2.38075969360493,"alpha-crystallin domain 32.1"
"172","CRO_015034","MSTRG.19518","transcript","49596",2.20961522348989,0.0212315120172978,0.380627998100852,1.14379516441611,"hypothetical protein"
"173","CRO_015220","MSTRG.16683","transcript","41898",3.93747649590174,0.00018543080903477,0.126821105271805,1.97727131160221,"cytochrome P450, family 76, subfamily C, polypeptide"
"174","CRO_015239","MSTRG.20782","transcript","53260",2.34099513791626,0.000766261991652417,0.174578369454433,1.22712193807599,"general control non-repressible"
"175","CRO_015511","MSTRG.22297","transcript","57419",0.0954504476987691,0.00675044658524038,0.28811152617462,-3.38910422534321,"adenine phosphoribosyl transferase"
"176","CRO_015569","MSTRG.16158","transcript","40480",11.6045382064984,0.00159590222887607,0.196274975438218,3.53661720779376,"Phosphoglycerate mutase family protein"
"177","CRO_015723","MSTRG.7723","transcript","18328",0.49480454940064,0.0239892407589877,0.399413270203632,-1.01506932988519,"Peroxidase superfamily protein"
"178","CRO_015818","MSTRG.8829","transcript","21119",4.29405397810872,0.0070971958051238,0.293794805680837,2.10234032660896,"LIM domain-containing protein"
"179","CRO_015825","MSTRG.16455","transcript","41314",4.98407109764566,0.0189044187454797,0.372511958121611,2.31732464851625,"Peptidase S41 family protein"
"180","CRO_015827","MSTRG.4539","transcript","10718",0.474381643715032,0.010510894829159,0.332659144361679,-1.07587990927338,"Protein of unknown function, DUF538"
"181","CRO_015886","MSTRG.10408","transcript","25004",2.07275400853629,0.0408565400134568,0.463641537238909,1.05154890963453,"RmlC-like cupins superfamily protein"
"182","CRO_016181","MSTRG.442","transcript","844",0.143327083984156,0.00564172238465288,0.27496096023239,-2.80261683882834,"tubulin alpha-4 chain"
"183","CRO_016399","MSTRG.15138","transcript","37671",0.172010071089607,0.00183146338073015,0.203793907377199,-2.53943505853163,"Protein kinase family protein"
"184","CRO_016488","MSTRG.11457","transcript","27717",2.89243065586818,0.0281845346175416,0.413994204479637,1.53228237207804,"Chalcone-flavanone isomerase family protein"
"185","CRO_016546","MSTRG.22661","transcript","58381",0.355557070482131,0.0210139651228042,0.380408389934507,-1.4918469494073,"Matrixin family protein"
"186","CRO_016570","MSTRG.19166","transcript","48615",0.407691770736347,0.00891030294635509,0.31598720131029,-1.29444925858502,"glyoxalase I homolog"
"187","CRO_016708","MSTRG.13757","transcript","33893",2.36419748111324,0.00711410695257975,0.293794805680837,1.241350548681,"cycling DOF factor"
"188","CRO_016723","MSTRG.4128","transcript","9692",11.7617630309336,0.00133866874830213,0.192790519850249,3.55603242422362,"S-adenosyl-L-methionine-dependent methyltransferases superfamily protein"
"189","CRO_016762","MSTRG.22797","transcript","58775",2.79325950148233,0.0231488721337507,0.393404559698487,1.48194961017733,"Aquaporin-like superfamily protein"
"190","CRO_017049","MSTRG.19743","transcript","50307",2.00457547959216,0.0267025123881177,0.410694554020213,1.00329674125179,"photosystem II BY"
"191","CRO_017148","MSTRG.3108","transcript","7166",0.391354251456527,0.00579172747592738,0.276933787872643,-1.35345297728328,"sulfotransferase"
"192","CRO_017161","MSTRG.22418","transcript","57714",5.58232779737284,0.00463251699140066,0.262752978067706,2.48086684274134,"conserved hypothetical protein"
"193","CRO_017210","MSTRG.17379","transcript","43830",0.466397507029599,0.00469316443859502,0.262752978067706,-1.10036801776758,"pleiotropic drug resistance"
"194","CRO_017225","MSTRG.6089","transcript","14410",3.37980968304637,0.00121836620549098,0.192790519850249,1.75694201069221,"methyl esterase"
"195","CRO_017285","MSTRG.5949","transcript","14086",0.33020991202808,0.0171394231203008,0.363199079226245,-1.59854466809734,"glutathione S-transferase TAU"
"196","CRO_017361","MSTRG.1423","transcript","3228",5.35270364673263,0.0441010287966301,0.475315685809748,2.42026777982934,"ABC transporter family protein"
"197","CRO_017423","MSTRG.15702","transcript","39190",2.2202210191781,0.00150679599009185,0.192790519850249,1.15070330153057,"AT-hook motif nuclear-localized protein"
"198","CRO_017488","MSTRG.18731","transcript","47386",2.29131263402863,0.0107988393673192,0.335088437580742,1.19617431800136,"proline-rich family protein"
"199","CRO_017493","MSTRG.17782","transcript","44953",0.398485249828946,0.0130096537543813,0.345785498508633,-1.32740177190743,"conserved hypothetical protein"
"200","CRO_017741","MSTRG.13081","transcript","31988",2.87585965362193,0.00156453106419918,0.196047811403135,1.52399327175629,"Terpenoid synthases superfamily protein"
"201","CRO_017939","MSTRG.21706","transcript","55804",2.36463129466346,0.0217065687352016,0.384201511144351,1.24161524875326,"developmentally regulated G-protein"
"202","CRO_017948","MSTRG.1300","transcript","2941",4.2992077542133,0.000782591964604618,0.174578369454433,2.10407082856527,"Glutaredoxin family protein"
"203","CRO_017981","MSTRG.954","transcript","2145",0.186938467558112,0.00123437195659926,0.192790519850249,-2.41936462240705,"cytochrome P450, family 76, subfamily C, polypeptide"
"204","CRO_018072","MSTRG.3658","transcript","8543",2.61752069831343,0.0114565802687185,0.339146593916111,1.38820094546022,"SAUR-like auxin-responsive protein family "
"205","CRO_018079","MSTRG.5706","transcript","13519",2.53493906776553,0.00432315603806077,0.259029099280475,1.34195106963927,"acyl-activating enzyme"
"206","CRO_018477","MSTRG.9223","transcript","22048",2.29693544298147,0.0117414233302877,0.339678577531116,1.19971030930648,"Zinc-binding dehydrogenase family protein"
"207","CRO_018519","MSTRG.7835","transcript","18584",3.25759701572433,0.0132234774525316,0.346829117624806,1.70380814487789,"cyclic nucleotide-gated channel"
"208","CRO_018541","MSTRG.16655","transcript","41816",0.48175355075333,0.0461077616499658,0.481888835045356,-1.05363279497697,"Major facilitator superfamily protein"
"209","CRO_018722","MSTRG.16299","transcript","40906",2.35681437062671,0.00334174263138953,0.235980650820925,1.23683813231629,"manganese superoxide dismutase"
"210","CRO_018926","MSTRG.15756","transcript","39339",3.04650357958989,0.00651850998557801,0.284797110034012,1.60715443549835,"MATE efflux family protein"
"211","CRO_019074","MSTRG.4634","transcript","10962",3.86377110205726,0.0104520947285178,0.331922070534958,1.95000962841064,"DUF4336 domain containing protein"
"212","CRO_019076","MSTRG.4636","transcript","10967",2.39724466065401,0.0111144434647497,0.337294490470828,1.26137715667152,"EID1-like"
"213","CRO_019212","MSTRG.20571","transcript","52646",0.169452042688595,0.025408100037176,0.40585355493458,-2.56105106674682,"cytochrome P450, family 83, subfamily B, polypeptide"
"214","CRO_019304","MSTRG.19621","transcript","49903",0.478354466546499,0.0144117917195117,0.353764695060759,-1.0638480256146,"AMP-dependent synthetase and ligase family protein"
"215","CRO_019341","MSTRG.6912","transcript","16323",0.0589595150850585,0.00142841682589423,0.192790519850249,-4.08413153079727,"Plant invertase/pectin methylesterase inhibitor superfamily protein"
"216","CRO_019499","MSTRG.21539","transcript","55337",2.63396628721916,0.00870901424216819,0.313451084490353,1.39723688030476,"NAD(P)-binding Rossmann-fold superfamily protein"
"217","CRO_019508","MSTRG.18083","transcript","45747",4.84701463972035,0.00174502521723097,0.202683572766823,2.27709643996667,"DUF3252 domain containing protein"
"218","CRO_019576","MSTRG.17055","transcript","42835",3.03085877479963,0.0122701817850472,0.341318370471493,1.5997266302011,"PLATZ transcription factor family protein"
"219","CRO_019631","MSTRG.12444","transcript","30233",0.416342109020317,0.0086847703737577,0.313020110604807,-1.26415861423167,"FAD-binding Berberine family protein"
"220","CRO_019859","MSTRG.3871","transcript","9050",0.286087324485872,0.00146127039492527,0.192790519850249,-1.80547251650792,"nucleotide repair protein, putative"
"221","CRO_019910","MSTRG.3131","transcript","7217",2.70181591065909,0.00473716651461609,0.262752978067706,1.43392937939088,"Photosystem II 5 kD protein"
"222","CRO_019914","MSTRG.1513","transcript","3430",0.355536556784627,0.0214396815122513,0.38195051415822,-1.49193018741853,"Matrixin family protein"
"223","CRO_020359","MSTRG.17145","transcript","43118",0.136257838820193,0.0192589431400111,0.374160534293247,-2.8755888653522,"2-oxoglutarate (2OG) and Fe(II)-dependent oxygenase superfamily protein"
"224","CRO_020526","MSTRG.21897","transcript","56373",0.440082987808291,0.0265561287921177,0.409998847241036,-1.18415249202332,"Protein of unknown function (DUF760)"
"225","CRO_020539","MSTRG.21916","transcript","56408",0.356643678973171,0.0145083769951098,0.353764695060759,-1.48744469091771,"receptor-like protein kinase-related family protein"
"226","CRO_020640","MSTRG.3297","transcript","7616",0.148693674729148,0.00401542629506269,0.25096419289775,-2.74958481690511,"basic chitinase"
"227","CRO_020644","MSTRG.22800","transcript","58783",0.185601610498363,0.0104866484372309,0.332266789636601,-2.42971886584472,"alpha/beta-Hydrolases superfamily protein"
"228","CRO_020694","MSTRG.19877","transcript","50646",0.211976537447269,0.000809764536788271,0.174578369454433,-2.23802350548428,"Protein of unknown function (DUF1313)"
"229","CRO_020750","MSTRG.21043","transcript","53947",3.06177380532349,0.0442937706216997,0.475424821672436,1.61436770478678,"U-box domain-containing protein kinase family protein"
"230","CRO_020853","MSTRG.10121","transcript","24332",0.452397329827896,0.0429333161846138,0.471006697626274,-1.14433768071308,"Tetratricopeptide repeat (TPR)-like superfamily protein"
"231","CRO_020882","MSTRG.860","transcript","1926",11.9526759096591,0.0191138401308486,0.373691161140396,3.57926173312895,"alanine:glyoxylate aminotransferase"
"232","CRO_021076","MSTRG.13937","transcript","34388",0.29295953296178,0.0120821382773808,0.339978507548724,-1.77122669859258,"post-illumination chlorophyll fluorescence increase"
"233","CRO_021239","MSTRG.13632","transcript","33582",2.71772229756203,0.0187534946759592,0.371900101986261,1.44239804609849,"Protein kinase superfamily protein"
"234","CRO_021269","MSTRG.18437","transcript","46619",0.499114788612287,0.0113770856948562,0.339146593916111,-1.0025564438199,"Curculin-like (mannose-binding) lectin family protein"
"235","CRO_021406","MSTRG.12468","transcript","30325",2.67938041273115,0.0352246529954922,0.444925448039007,1.42189942649524,"Tetratricopeptide repeat (TPR)-like superfamily protein"
"236","CRO_021501","MSTRG.19527","transcript","49627",2.48405075392629,0.00355511964517086,0.240214722819846,1.3126946508892,"Haloacid dehalogenase-like hydrolase (HAD) superfamily protein"
"237","CRO_021502","MSTRG.19528","transcript","49630",2.42063672715664,0.0308363613297638,0.424905360220101,1.27538658563436,"Calcium-dependent phosphotriesterase superfamily protein"
"238","CRO_021627","MSTRG.15609","transcript","38913",0.377003619716349,0.0499012510015167,0.492531143728803,-1.40734971961157,"Protein kinase family protein"
"239","CRO_021645","MSTRG.17728","transcript","44774",0.178562373635135,0.0234294599768765,0.395774389886503,-2.48549998469052,"expansin-like B1"
"240","CRO_021652","MSTRG.17731","transcript","44782",0.266389776178978,0.00268395492988227,0.234935064441919,-1.90838938086755,"BAX inhibitor"
"241","CRO_021723","MSTRG.7367","transcript","17516",0.487264621167901,0.000139098270019122,0.109018435682452,-1.03722261834223,"Cytosol aminopeptidase family protein"
"242","CRO_021768","MSTRG.4038","transcript","9460",0.382061819216694,0.0136686953037033,0.348919123082977,-1.38812200358548,"DUF4504 domain containing protein"
"243","CRO_022011","MSTRG.10977","transcript","26442",0.436065668636986,2.11168231010195e-05,0.0464779353069962,-1.19738268308937,"2-oxoglutarate (2OG) and Fe(II)-dependent oxygenase superfamily protein"
"244","CRO_022137","MSTRG.16886","transcript","42426",2.2232720438758,0.000334371618032847,0.144014860515359,1.15268449012714,"protein kinase family protein"
"245","CRO_022277","MSTRG.18369","transcript","46424",0.407216517792949,0.0179777509319294,0.366797036584077,-1.29613201271084,"basic helix-loop-helix (bHLH) DNA-binding superfamily protein"
"246","CRO_022416","MSTRG.11090","transcript","26767",3.56415871097729,0.00820519704768174,0.305293809982316,1.83356158109153,"NAD(P)-binding Rossmann-fold superfamily protein"
"247","CRO_022699","MSTRG.19472","transcript","49454",0.441477356983216,0.00166086209670135,0.197339974803401,-1.17958864977861,"DnaJ/Hsp40 cysteine-rich domain superfamily protein"
"248","CRO_022965","MSTRG.18908","transcript","47871",0.390373063281775,0.0288384254858116,0.41672735032722,-1.35707458812012,"UDP-glucosyl transferase 85A3"
"249","CRO_023252","MSTRG.3344","transcript","7747",0.484393673073866,0.00853780678743987,0.311287962976924,-1.04574807354746,"little nuclei3"
"250","CRO_023459","MSTRG.2896","transcript","6684",0.366436319157812,0.0326777282675002,0.434124735573924,-1.44836559234742,"Major facilitator superfamily protein"
"251","CRO_023515","MSTRG.17068","transcript","42887",2.89332427056555,0.00292442619288957,0.235980650820925,1.53272802299793,"Cytidine/deoxycytidylate deaminase family protein"
"252","CRO_023547","MSTRG.15982","transcript","39938",0.469728806327656,0.00295744008124443,0.235980650820925,-1.09010002466461,"2-oxoglutarate (2OG) and Fe(II)-dependent oxygenase superfamily protein"
"253","CRO_023569","MSTRG.1046","transcript","2359",9.12934309414056,0.00422789778775512,0.258422568688738,3.19051105419399,"rubisco activase"
"254","CRO_023770","MSTRG.333","transcript","614",0.131474748762749,0.045128844311787,0.477819711930944,-2.92714235493571,"gigantea protein (GI)"
"255","CRO_023802","MSTRG.18656","transcript","47222",0.0926253234808547,0.0357570522160963,0.446623525879975,-3.43244951393887,"B-box type zinc finger protein with CCT domain"
"256","CRO_023903","MSTRG.11285","transcript","27258",9.24227271496248,0.00474420168018308,0.262752978067706,3.20824766023796,"photosystem II light harvesting complex gene 2.1"
"257","CRO_023927","MSTRG.19466","transcript","49430",256.630090431579,1.8700930169091e-05,0.0464779353069962,8.00354652922524,"polyubiquitin"
"258","CRO_024216","MSTRG.12678","transcript","30878",0.428583268952221,0.00240632092425863,0.222691897812331,-1.22235256375018,"Pentatricopeptide repeat (PPR-like) superfamily protein"
"259","CRO_024331","MSTRG.21686","transcript","55747",5.42366777188276,0.0228580420737106,0.390206438411598,2.43926880853753,"Leucine-rich repeat protein kinase family protein"
"260","CRO_024360","MSTRG.5280","transcript","12483",4.78753290157092,0.00175451728058929,0.202683572766823,2.25928240176764,"B-box"
"261","CRO_024380","MSTRG.4779","transcript","11319",3.01776057667286,0.0397023745890962,0.4600964067556,1.59347834975172,"hypothetical protein"
"262","CRO_024445","MSTRG.2596","transcript","6028",2.26396295821719,0.0100499428759775,0.329217813300566,1.17885035373802,"pre-mRNA-processing protein 40A"
"263","CRO_024552","MSTRG.18085","transcript","45749",0.320970124265921,0.00871908440863289,0.313451084490353,-1.63948907660294,"FAD-binding Berberine family protein"
"264","CRO_024612","MSTRG.9982","transcript","24015",37.6069588377785,3.19866952480652e-07,0.00544073161100345,5.2329277395519,"Tetratricopeptide repeat (TPR)-like superfamily protein"
"265","CRO_024619","MSTRG.19777","transcript","50384",2.14321890802806,0.0289650425154674,0.416839071434004,1.09977921417553,"Reticulon family protein"
"266","CRO_024755","MSTRG.4493","transcript","10593",0.271844946325394,0.0252975021188739,0.40585355493458,-1.8791440866118,"Transmembrane Fragile-X-F-associated protein"
"267","CRO_024880","MSTRG.15494","transcript","38609",3.02128563097568,0.0358509873158335,0.446623525879975,1.59516258224946,"auxin response factor"
"268","CRO_024922","MSTRG.16371","transcript","41108",0.244556733239455,0.0240622517340447,0.399958269635062,-2.03175890877455,"BTB and TAZ domain protein"
"269","CRO_024972","MSTRG.9852","transcript","23673",0.457290815554884,0.00587005482651692,0.27757539188931,-1.12881615122135,"Polynucleotidyl transferase, ribonuclease H-like superfamily protein"
"270","CRO_025029","MSTRG.11886","transcript","28783",3.10312763639969,0.0123181837636729,0.341318370471493,1.63372303834708,"light-harvesting chlorophyll-protein complex I subunit A4"
"271","CRO_025122","MSTRG.2826","transcript","6533",2.05446817890628,0.0281560959655291,0.413994204479637,1.03876498517111,"Ring/U-Box superfamily protein"
"272","CRO_025140","MSTRG.19099","transcript","48421",0.265838139062849,0.0301396962321607,0.422362429808105,-1.91137999595557,"MLP-like protein"
"273","CRO_025459","MSTRG.11383","transcript","27530",2.19190587017929,0.0056326034624592,0.27496096023239,1.13218584412808,"cytochrome B5 isoform B"
"274","CRO_025490","MSTRG.17127","transcript","43053",0.413101280554458,0.00526776169976739,0.267596568520249,-1.27543256253961,"C2H2 and C2HC zinc fingers superfamily protein"
"275","CRO_025501","MSTRG.19390","transcript","49256",2.38258337688277,0.0394820821252024,0.460036359641737,1.25252670114911,"phosphate transporter 1;5"
"276","CRO_025506","MSTRG.2475","transcript","5693",0.433113899433881,0.0179383526249841,0.366797036584077,-1.20718162296084,"SWIB complex BAF60b domain-containing protein"
"277","CRO_025507","MSTRG.2472","transcript","5686",0.335182505292172,0.0207225482206299,0.378801156880498,-1.57698124473702,"acyl-CoA sterol acyl transferase"
"278","CRO_025543","MSTRG.2547","transcript","5874",0.441531450011255,0.0106359848859745,0.334729127034356,-1.1794118910809,"Protein kinase superfamily protein"
"279","CRO_025801","MSTRG.2482","transcript","5711",0.41429639788241,0.0238092832908979,0.399065219820723,-1.27126481808889,"vesicle-associated membrane protein"
"280","CRO_025826","MSTRG.8032","transcript","19134",0.419984142053298,0.0248227732113008,0.403834491908096,-1.25159323988402,"Thioesterase/thiol ester dehydrase-isomerase superfamily protein"
"281","CRO_025928","MSTRG.5334","transcript","12616",2.13402205819061,0.0448955861421795,0.477232833601547,1.0935750885699,"photosystem II family protein"
"282","CRO_025955","MSTRG.1855","transcript","4202",2.68099601497245,0.00677888185009379,0.288885449784924,1.42276907490281,"conserved hypothetical protein"
"283","CRO_026053","MSTRG.3085","transcript","7124",3.28770420467709,0.00170118267050601,0.198761930265246,1.71708050533287,"casein kinase 1-like protein"
"284","CRO_026128","MSTRG.531","transcript","1088",0.429063330767814,0.0233729235891852,0.395534188511975,-1.22073748622702,"2-oxoglutarate (2OG) and Fe(II)-dependent oxygenase superfamily protein"
"285","CRO_026146","MSTRG.4025","transcript","9427",0.472959960228737,0.0163388677286713,0.358531698033081,-1.08021004160706,"Cellulase (glycosyl hydrolase family 5) protein"
"286","CRO_026224","MSTRG.16006","transcript","40013",0.482356101683782,0.010891076961062,0.335088437580742,-1.05182947862134,"Dof-type zinc finger DNA-binding family protein"
"287","CRO_026270","MSTRG.7861","transcript","18669",2.09578764540515,0.00242033701269828,0.223252204516686,1.06749254395485,"heat shock transcription factor  A6B"
"288","CRO_026337","MSTRG.2383","transcript","5447",4.92107007912008,0.00859079053590284,0.311301499417711,2.29897206149531,"proton gradient regulation"
"289","CRO_026394","MSTRG.16112","transcript","40334",4.15461223625663,0.0434542643207506,0.473143141060481,2.05471383176451,"UDP-Glycosyltransferase superfamily protein"
"290","CRO_026556","MSTRG.16925","transcript","42512",0.458034406259393,2.32049889197228e-05,0.0464779353069962,-1.12647212129127,"AT hook motif DNA-binding family protein"
"291","CRO_026647","MSTRG.18779","transcript","47519",0.384873885257961,0.0356061624776287,0.446623525879975,-1.37754231120809,"conserved hypothetical protein"
"292","CRO_026896","MSTRG.11258","transcript","27175",0.386722202683907,0.0234143412764563,0.395757410327372,-1.37063049937681,"RING/U-box superfamily protein"
"293","CRO_026905","MSTRG.13920","transcript","34346",2.33175785706737,0.0347096139167555,0.442846166485875,1.22141797869874,"RmlC-like cupins superfamily protein"
"294","CRO_027093","MSTRG.16310","transcript","40934",0.329609081591548,0.00289216472822118,0.235980650820925,-1.60117210180012,"cytochrome P450, family 71, subfamily B, polypeptide"
"295","CRO_027128","MSTRG.1085","transcript","2443",0.189651690196696,0.0085045560844117,0.311287962976924,-2.39857586574124,"Major facilitator superfamily protein"
"296","CRO_027243","MSTRG.4352","transcript","10247",2.57036174114084,0.00402745575421659,0.25096419289775,1.36197141211354,"Heavy metal transport/detoxification superfamily protein "
"297","CRO_027396","MSTRG.19286","transcript","48946",4.75114375803161,0.00306966468657843,0.235980650820925,2.24827485984528,"photosystem I reaction center subunit PSI-N, chloroplast, putative / PSI-N, putative (PSAN)"
"298","CRO_027525","MSTRG.13932","transcript","34368",2.60156727708197,0.00496929323689543,0.265641406153518,1.37938101619699,"Rubredoxin-like superfamily protein"
"299","CRO_027581","MSTRG.18563","transcript","46960",0.424407800117404,0.00784618778784862,0.304651476212239,-1.2364769233489,"glutathione S-transferase tau"
"300","CRO_027681","MSTRG.8027","transcript","19120",2.01832793045037,0.00721860878704605,0.294681835226954,1.01316059723831,"expansin A1"
"301","CRO_027769","MSTRG.10551","transcript","25351",0.380166964912723,0.00117841733273427,0.190564591243452,-1.39529492225715,"glutathione S-transferase TAU"
"302","CRO_027814","MSTRG.20047","transcript","51115",5.16385720219541,0.00271485131291527,0.235571307732716,2.36844910588658,"circadian clock associated"
"303","CRO_028015","MSTRG.9904","transcript","23798",2.87503021341277,0.0219957810134674,0.384717739521111,1.52357711727848,"DUF760 domain containing protein"
"304","CRO_028017","MSTRG.9907","transcript","23803",2.72598723373306,0.00932951316355513,0.320206705776315,1.44677880577,"transducin family protein / WD-40 repeat family protein"
"305","CRO_028263","MSTRG.22208","transcript","57197",0.489906178710026,0.0172830246046527,0.363199079226245,-1.02942260784283,"PLANT CADMIUM RESISTANCE"
"306","CRO_028400","MSTRG.5196","transcript","12284",2.15203200503532,0.0328663532316407,0.434719533475677,1.10569953382502,"Protein phosphatase 2C family protein"
"307","CRO_028497","MSTRG.12593","transcript","30640",0.241498562982583,0.00436239948071515,0.259944002328875,-2.04991349043944,"S-adenosyl-L-methionine-dependent methyltransferases superfamily protein"
"308","CRO_028549","MSTRG.1236","transcript","2788",0.475024009436311,0.0128402290944271,0.345347050639228,-1.07392766056101,"sugar transporter protein"
"309","CRO_028666","MSTRG.15348","transcript","38223",2.81721673789606,0.00284901389105019,0.235980650820925,1.49427055933212,"Nucleotide-diphospho-sugar transferases superfamily protein"
"310","CRO_028687","MSTRG.17871","transcript","45185",0.421613282234433,0.00814007745721623,0.305293809982316,-1.24600777745704,"sodium/calcium exchanger family protein / calcium-binding EF hand family protein"
"311","CRO_028778","MSTRG.9572","transcript","22966",2.54704655580227,0.0386123458071128,0.455099106392545,1.34882532993453,"ARF-GAP domain"
"312","CRO_028974","MSTRG.10225","transcript","24571",0.390084187000245,0.0186294132872642,0.371848270081352,-1.35814257844931,"PRA1 (Prenylated rab acceptor) family protein"
"313","CRO_029067","MSTRG.8811","transcript","21070",2.12390679706948,0.00131600063806392,0.192790519850249,1.08672045806489,"sigma factor A"
"314","CRO_029225","MSTRG.19025","transcript","48234",2.72756318865935,0.0129944306948748,0.345785498508633,1.44761261943047,"Transmembrane amino acid transporter family protein"
"315","CRO_029297","MSTRG.19753","transcript","50321",3.29773948494669,0.0470542437204395,0.482960486151115,1.72147743315362,"UDP-Glycosyltransferase superfamily protein"
"316","CRO_029300","MSTRG.596","transcript","1239",0.185264286082378,0.00139095123239574,0.192790519850249,-2.43234329910106,"DNAJ heat shock N-terminal domain-containing protein"
"317","CRO_029356","MSTRG.13682","transcript","33713",0.252649240939375,0.0490112919848352,0.490830585195273,-1.98479224936508,"GTP-binding family protein"
"318","CRO_029597","MSTRG.18704","transcript","47324",0.443283997768932,0.0129547897672413,0.345785498508633,-1.17369681168962,"glutathione S-transferase tau"
"319","CRO_029810","MSTRG.22486","transcript","57900",3.33270039398539,0.00370260798264932,0.244869883116674,1.73669162661712,"ubiquitin-associated (UBA)/TS-N domain-containing protein"
"320","CRO_029842","MSTRG.7432","transcript","17658",0.461031080394022,0.0128232938785269,0.345347050639228,-1.11706408171895,"S-locus lectin protein kinase family protein"
"321","CRO_029853","MSTRG.21928","transcript","56432",0.398597565241002,0.0237661989044519,0.398832595542484,-1.32699519711747,"DnaJ / Sec63 Brl domains-containing protein"
"322","CRO_030110","MSTRG.8240","transcript","19658",2.56519925537269,0.0285017012013745,0.415609050123631,1.35907089350217,"nodulin-related protein"
"323","CRO_030151","MSTRG.17603","transcript","44422",0.295656247832373,0.0163893895245838,0.358531698033081,-1.7580073303113,"Ribophorin I"
"324","CRO_030221","MSTRG.9650","transcript","23157",0.251652026408474,0.0316448740449905,0.430127926851953,-1.99049787981557,"12-oxophytodienoate reductase"
"325","CRO_030274","MSTRG.17017","transcript","42737",0.376278612106479,0.00454992553491829,0.262592974678834,-1.41012680677002,"ethylene-responsive element binding factor"
"326","CRO_030408","MSTRG.6369","transcript","15072",0.480182395125069,0.0383345983855883,0.455097575499696,-1.05834558372083,"alpha/beta-Hydrolases superfamily protein"
"327","CRO_030413","MSTRG.6373","transcript","15078",3.83983304113443,0.025903516433933,0.407389346061321,1.94104358283082,"NB-ARC domain-containing disease resistance protein"
"328","CRO_030619","MSTRG.12090","transcript","29342",2.54019564835228,0.0158203357230844,0.358531698033081,1.34493961905937,"photosystem I subunit D-1"
"329","CRO_030645","MSTRG.19248","transcript","48850",5.00626683626627,0.0288283520359431,0.41672735032722,2.32373518936794,"N-terminal nucleophile aminohydrolases (Ntn hydrolases) superfamily protein"
"330","CRO_030726","MSTRG.12968","transcript","31650",0.425138012209263,0.0469825893395247,0.482960486151115,-1.23399683667701,"sugar transporter"
"331","CRO_030732","MSTRG.18928","transcript","47942",2.15167713915011,0.00132409766444974,0.192790519850249,1.10546161660673,"Oxidoreductase family protein"
"332","CRO_030771","MSTRG.14567","transcript","36109",0.230317169401159,0.00635650088885109,0.283825862140563,-2.11830613149167,"dolichyl-diphosphooligosaccharide-protein glycosyltransferase 48kDa subunit family protein"
"333","CRO_030787","MSTRG.7260","transcript","17221",2.0000407525081,0.00379283579421519,0.247834102383943,1.00002939642118,"Translation initiation factor 2, small GTP-binding protein"
"334","CRO_030840","MSTRG.22292","transcript","57408",2.3311676656698,0.0245335060775492,0.402589026099391,1.22105277183329,"Leucine-rich repeat transmembrane protein kinase"
"335","CRO_030976","MSTRG.21261","transcript","54597",3.21344751345482,0.0114774453339075,0.339146593916111,1.68412190844211,"general regulatory factor"
"336","CRO_030988","MSTRG.5131","transcript","12146",4.79062749901195,0.0193149492888809,0.374160534293247,2.26021463934779,"Auxin-responsive GH3 family protein"
"337","CRO_031038","MSTRG.11044","transcript","26637",0.400133454325016,0.00622407161354399,0.282867410235635,-1.32144684043254,"cytochrome P450, family 81, subfamily K, polypeptide"
"338","CRO_031128","MSTRG.21700","transcript","55792",2.08871708178717,0.0223981753960332,0.387028897124191,1.06261709156994,"OSBP(oxysterol binding protein)-related protein 2A"
"339","CRO_031278","MSTRG.8703","transcript","20805",0.240790325923678,0.00584882229175121,0.277453978103938,-2.0541506638458,"cytochrome P450, family 81, subfamily K, polypeptide"
"340","CRO_031281","MSTRG.8707","transcript","20810",0.41617901560686,0.00304959289140627,0.235980650820925,-1.26472387090767,"Cytochrome P450 superfamily protein"
"341","CRO_031351","MSTRG.6610","transcript","15625",0.493953265903287,0.0202914949673901,0.376975331841568,-1.01755354343975,"Major facilitator superfamily protein"
"342","CRO_031389","MSTRG.13028","transcript","31834",2.04387498944165,0.0139383028333901,0.349543227025731,1.03130695868847,"geranylgeranyl pyrophosphate synthase"
"343","CRO_031405","MSTRG.1808","transcript","4101",0.463470539631718,0.000426656468834552,0.149947939689418,-1.10945045760725,"UDP-Glycosyltransferase superfamily protein"
"344","CRO_031487","MSTRG.5496","transcript","12992",2.29079170009489,0.0249608253970346,0.404348067566867,1.19584628146999,"ATPase E1-E2 type family protein / haloacid dehalogenase-like hydrolase family protein"
"345","CRO_031710","MSTRG.15758","transcript","39341",0.129629623250497,0.00538555453515865,0.2696720262864,-2.94753265110154,"thiazole biosynthetic enzyme, chloroplast (ARA6) (THI1) (THI4)"
"346","CRO_031775","MSTRG.8272","transcript","19742",2.10359557216103,0.0160020682208261,0.358531698033081,1.07285736521892,"Integrase-type DNA-binding superfamily protein"
"347","CRO_031823","MSTRG.9283","transcript","22207",3.92820235158844,0.00336003693506637,0.235980650820925,1.97386924841889,"photosystem I light harvesting complex gene"
"348","CRO_031890","MSTRG.22100","transcript","56889",0.412640610434678,0.0307259412131227,0.424905360220101,-1.27704228241332,"kinase interacting family protein"
"349","CRO_032037","MSTRG.2839","transcript","6561",0.363757388775979,0.032468717914625,0.433704834758911,-1.45895154200816,"Protein kinase superfamily protein"
"350","CRO_032137","MSTRG.3123","transcript","7196",2.08355971695238,0.0128843101271796,0.345400516516485,1.05905044974837,"mitochondrion-localized small heat shock protein 23.6"
"351","CRO_032315","MSTRG.17383","transcript","43846",3.36652133473458,0.0461948698225518,0.481967863338808,1.75125860768288,"isopentenyltransferase"
"352","CRO_032424","MSTRG.1963","transcript","4459",0.361116239655226,0.0206600367087674,0.378648357350293,-1.4694647941155,"FAD-binding Berberine family protein"
"353","CRO_032641","MSTRG.86","transcript","144",2.18298929585244,0.00263432431980315,0.233392637217855,1.12630505618373,"photosystem II reaction center W"
"354","CRO_032698","MSTRG.11871","transcript","28754",2.89080100805815,0.0170233634175835,0.363199079226245,1.53146930249591,"NIM1-interacting"
"355","CRO_032816","MSTRG.22757","transcript","58653",0.280368190395919,0.0218495780092212,0.384478918787263,-1.83460541943794,"purine permease"
"356","CRO_032858","MSTRG.2811","transcript","6503",2.4707547549832,0.0177916611110256,0.36578581106823,1.30495181708977,"Vacuolar calcium-binding protein-related"
"357","CRO_032877","MSTRG.18406","transcript","46541",3.69348575814322,0.00395931995080034,0.25096419289775,1.8849830147175,"PEBP (phosphatidylethanolamine-binding protein) family protein"
"358","CRO_032949","MSTRG.21178","transcript","54376",0.442160578783208,0.00698846884313209,0.292477278975231,-1.17735768874989,"phosphate transporter 4;1"
"359","CRO_032950","MSTRG.21179","transcript","54377",4.00814886344102,0.0137479940365732,0.349388060541918,2.00293609150714,"Thylakoid soluble phosphoprotein TSP9 domain containing protein"
"360","CRO_032961","MSTRG.21185","transcript","54386",0.41268030114206,0.0341248570385895,0.440965491345202,-1.27690352042159,"hypothetical protein"
"361","CRO_032979","MSTRG.7455","transcript","17701",4.40491590178097,0.00539552706403423,0.269689793944,2.13911447561749,"plasma membrane intrinsic protein 1C"
"362","CRO_032986","MSTRG.17301","transcript","43580",0.0244061430519077,0.00147986732405481,0.192790519850249,-5.356611868418,"Heavy metal transport/detoxification superfamily protein "
"363","CRO_033106","MSTRG.22456","transcript","57814",3.08180120061939,5.28667186685539e-05,0.0705543627861883,1.62377380016193,"Tetratricopeptide repeat (TPR)-like superfamily protein"
"364","CRO_033118","MSTRG.9820","transcript","23591",2.27400826828949,0.0290942542839172,0.417804204289141,1.18523749987596,"phosphoglycerate/bisphosphoglycerate mutase family protein"
"365","CRO_033255","MSTRG.9658","transcript","23184",0.226860647117811,0.0136242163224827,0.348891917715741,-2.14012172444884,"nitrate transmembrane transporters"
"366","CRO_033394","MSTRG.22543","transcript","58064",2.43751204131554,0.00287674298999185,0.235980650820925,1.28540934579694,"photosystem I subunit G"
"367","CRO_033472","MSTRG.8539","transcript","20431",0.465388665727106,0.00135638640317237,0.192790519850249,-1.10349201972299,"pleiotropic drug resistance"
"368","CRO_033743","MSTRG.5015","transcript","11890",0.494584949106941,0.0196853601228076,0.374160534293247,-1.0157097576649,"Transmembrane amino acid transporter family protein"
"369","CRO_033745","MSTRG.14316","transcript","35390",2.67885037918749,0.0488669782067213,0.490436269110476,1.42161400513243,"HOPW1-1-interacting"
"370","CRO_033829","MSTRG.11385","transcript","27532",5.26368715907482,0.000403056296392812,0.146780540352608,2.39607374677389,"NAD(P)-binding Rossmann-fold superfamily protein"
